{
  "r": 0.6674348779441132,
  "alpha": 63.668100569376,
  "a": 0.07511566650810268,
  "b": 1.2397083396368855
}