{
  "p": 11.75287082752865,
  "q": 0.8845336822118405,
  "v": 11.717261202375417
}